domain,label
circleone.net.id,1
fptoz3z3.top,1
lnk.ink,1
opinionbridge.com,1
weebly.com,1
joycematson.shop,1
robiox.com.py,1
pancake.run,1
haynsboone.com,1
linodeobjects.com,1
it-support-group.com,1
whatsa44s5.cyou,1
one.link,1
dub.sh,1
kucoinpro.top,1
galabetgiris-adresim.vip,1
60676.xyz,1
zeabur.app,1
kucoingexx.com,1
ciamlogin.com,1
roblox.com.kz,1
ozxyrch.top,1
whatsapp-web.sc.cn,1
webaccess-email.mx,1
portal-pedagio-freeflow.online,1
switchnet.ch,1
galabet-girisi-2026.com,1
ipfs.io,1
live-maii.com,1
028426.com,1
maketoprint.com,1
gitbook.io,1
tombak77.net,1
roblox.com.py,1
netfimarketing.com,1
ch-prlme.com,1
staemconmunity.mom,1
steamcomnunlty.sbs,1
webflow.io,1
kuemmel-banditos.de,1
cloudfront.net,1
hizli-basvurum.vip,1
dynadot.com,1
13xgi3o.top,1
firebaseapp.com,1
stecmcommnuily.com,1
biurowsparciatechnicznego.pl,1
kryptometawallet.com,1
pcswap.org,1
2nuti.com,1
dreamsmart.pl,1
us123.us,1
amz-eu.click,1
replit.dev,1
appviewtechs.info,1
id592807.click,1
blogspot.com,1
whatsapp-web.bj.cn,1
framer.ai,1
tech-institute.org,1
cn-zh.hl.cn,1
roblox.gf,1
j298h.xyz,1
verifytoken.com,1
stonewall.com.br,1
notifyhubss.net,1
g86b.xyz,1
roblox.com.ml,1
duckdns.org,1
itsecurityteamusa.com,1
generate.com,1
1053galabetgir.com,1
lighting.com,1
daftpage.com,1
netlify.app,1
r2.dev,1
j298m.xyz,1
www-sunbet.com,1
mfacebook.com.vn,1
roblox.com.ge,1
digitalmaillane.com,1
hoopforlowerbackexercises.com,1
pinegroveathleticclub.com,1
webaccess-alert.com,1
y207l.xyz,1
galabet1053resmi.vip,1
robiox.com.ua,1
efootball25.shop,1
seekerschapel.com,1
whatsapp-web.gd.cn,1
y0un92.top,1
roblox.com.gl,1
mavitalsante.com,1
infura-ipfs.io,1
webcindario.com,1
vercel.app,1
j298n.xyz,1
gyc.my.id,1
robiox.com.ps,1
github.io,1
carbonellsrl.com.ar,1
web.app,1
stearmconmumniity.com,1
downtkasiashop.top,1
bdo-2r2.com,1
pages.dev,1
microsoft.design,1
roblox.tc,1
kucoinpro.org,1
robiox.com.af,1
roblox.com.ly,1
godaddysites.com,1
sso-security.com,1
cetakkupon7531.my.id,1
a-mia.ch,1
is.gd,1
surl.li,1
securebankinggroup.org,1
g6urmf4.top,1
backblazeb2.com,1
lanlehai.top,1
chn-wanbosports.com,1
83721-cb.com,1
wixsite.com,1
yappertree.com,1
qrco.de,1
amazingholidaycoupons.com,1
